user_id,TfIdf,L1NORMB,L1NORM,RBO,KL
66355076,0.501349058,1.230485699,0.615242849,0.34147626,0.578093757
65737204,0.140316889,0.60810511,0.304052555,0.289836158,0.187673615
62431316,0.332138995,1.018765549,0.509382774,0.390922163,0.529950435
61197531,0.797358697,1.325781784,0.662890892,0.400983525,0.737013279
60255714,0.205183475,0.741334202,0.370667101,0.311870982,0.273829077
60189604,0.233119921,0.945833224,0.472916612,0.328711051,0.349560745
60028700,0.737445895,0.843641935,0.421820968,0.319455035,0.376599658
59775972,0.332561311,1.01928388,0.50964194,0.391157949,0.530797737
58619720,0.197530701,0.949837406,0.474918703,0.331130376,0.373006397
58137713,0.180392852,1.011707751,0.505853875,0.312156272,0.343280144
55782634,0.162470261,0.710300019,0.35515001,0.302717858,0.234110408
54757473,0.172000332,0.854273468,0.427136734,0.29947691,0.289439905
54692175,0.494611823,1.007936805,0.503968403,0.322282737,0.477443235
53903835,0.183353997,0.841659359,0.42082968,0.336333319,0.324685969
53732923,0.253356001,0.906513382,0.453256691,0.363471455,0.394634059
53403649,0.267531743,0.817057944,0.408528972,0.328716986,0.315511574
53053227,0.273959698,0.953120129,0.476560065,0.365937315,0.393781526
51180408,0.180010846,0.797801086,0.398900543,0.298857287,0.287016402
50306943,0.230901115,0.891618201,0.4458091,0.336409787,0.421760143
50296294,0.228010353,1.038368209,0.519184105,0.315696188,0.351476688
49848930,0.222718811,1.01424048,0.50712024,0.328649043,0.423557886
48169717,0.447180572,1.063713751,0.531856875,0.3696384,0.499828413
48102834,0.295311725,0.748844448,0.374422224,0.294193983,0.272608134
47850240,0.153020676,0.828338187,0.414169094,0.314015042,0.324155157
45707659,0.172099745,0.763266785,0.381633393,0.351446699,0.299053845
45215448,0.409134624,0.982539326,0.491269663,0.324601981,0.407229907
45144398,0.2083215,0.952432362,0.476216181,0.30962533,0.375398674
45089804,0.318830286,0.950658427,0.475329213,0.362058858,0.407662125
44454809,0.314716861,0.996948845,0.498474423,0.343477586,0.424465628
44112735,0.197969912,0.848408533,0.424204267,0.346113625,0.330925456
41107215,0.377526078,0.938424347,0.469212173,0.349956169,0.419206181
39517558,0.172957415,0.783216547,0.391608274,0.285621768,0.248639294
39479451,0.215751706,0.791603202,0.395801601,0.343058677,0.309886593
38614372,0.268109672,0.850723414,0.425361707,0.360999228,0.355035678
38011481,0.327232024,1.027549404,0.513774702,0.366989606,0.457360573
37763453,0.237145838,0.903686995,0.451843498,0.320642861,0.357512065
37327729,0.193263678,0.77679513,0.388397565,0.329655159,0.289897786
37116501,0.243261787,0.898727793,0.449363896,0.367726276,0.369301573
36494160,0.404517439,1.159061212,0.579530606,0.344816554,0.491923994
36357573,0.239325663,0.881021594,0.440510797,0.390402609,0.408758793
35828939,0.201163243,0.832660437,0.416330219,0.309581306,0.335071594
35725947,0.263126715,0.82304663,0.411523315,0.346003785,0.381490921
35717158,0.245650928,0.992013951,0.496006975,0.334733793,0.40798378
35635716,0.245255446,0.970199407,0.485099704,0.345348723,0.411092368
35247235,0.445274402,1.029162464,0.514581232,0.358618622,0.471436734
35067858,0.192875845,0.765474346,0.382737173,0.322153675,0.306907474
34967775,0.576102759,1.036223122,0.518111561,0.370462825,0.605632902
34845698,0.276016471,0.945089472,0.472544736,0.352121557,0.372771534
34749634,0.311262039,0.991927273,0.495963636,0.373414831,0.434540615
34414709,0.296852134,0.769100243,0.384550121,0.339131579,0.358668453
34049683,0.107185016,0.528038894,0.264019447,0.284913325,0.196373916
33907744,0.412299351,1.131002549,0.565501274,0.390928507,0.575078376
33734362,0.250814631,0.874269396,0.437134698,0.360985786,0.396834928
33697153,0.333607163,1.047918313,0.523959157,0.394944904,0.472994052
33465207,0.278796544,0.868915228,0.434457614,0.334827803,0.344064002
33374263,0.159948568,0.689280835,0.344640417,0.330259315,0.323396472
32939276,0.234446493,0.953650179,0.47682509,0.420770271,0.501953812
32764997,0.315445031,0.947328843,0.473664422,0.376885784,0.478222501
32544613,0.336346814,1.102677331,0.551338666,0.335110665,0.477405879
32403589,0.171992377,0.737285901,0.368642951,0.337320205,0.266138057
31527914,0.227642697,0.84350454,0.42175227,0.3231899,0.315035399
31261952,0.256325448,0.806907808,0.403453904,0.314756299,0.315794774
30653305,0.287309816,0.928762858,0.464381429,0.349006279,0.387129737
30171044,0.316349341,1.008292982,0.504146491,0.362994668,0.411846669
30163554,0.136720599,0.709049596,0.354524798,0.297888767,0.224033254
29937976,0.136387516,0.760685372,0.380342686,0.290209676,0.232195288
29798050,0.941926934,1.079093446,0.539546723,0.387737675,0.751223044
29565770,0.142387822,0.703038191,0.351519095,0.337010117,0.25020296
28597523,0.44492634,1.12409458,0.56204729,0.396037665,0.578549247
28260582,0.26066493,0.90459726,0.45229863,0.318224516,0.411457648
28221379,0.228167958,0.853863723,0.426931861,0.302727507,0.327409766
28164074,0.703897251,1.226156844,0.613078422,0.415178859,0.757911293
28159509,0.16881369,0.746194215,0.373097108,0.35459172,0.310847098
28145373,0.199783211,0.825108971,0.412554486,0.294149674,0.275600183
27774704,0.261459012,0.850325094,0.425162547,0.353733414,0.344474945
27698874,0.13694637,0.799261982,0.399630991,0.281101718,0.272577723
27559289,0.816892823,1.332931245,0.666465622,0.460715602,0.886123096
27550947,0.263306034,0.889226007,0.444613004,0.344536035,0.389007828
27443865,0.216527332,0.927693002,0.463846501,0.348536968,0.33664242
27361979,0.271075029,0.855823418,0.427911709,0.346578967,0.416601376
27203490,0.256230919,0.900722262,0.450361131,0.359933443,0.359879422
27175177,0.136014903,0.721087455,0.360543728,0.336998658,0.289226324
27077890,0.168207933,0.764672297,0.382336148,0.304897968,0.321542455
26897720,0.302216385,0.856554272,0.428277136,0.335883179,0.333055757
26835138,0.573695015,1.254964185,0.627482093,0.488451291,0.817622846
26779655,0.387226044,0.958477315,0.479238657,0.345332603,0.457650699
26591649,0.239584809,0.72687118,0.36343559,0.340391142,0.287574629
26550510,0.410937941,1.027523534,0.513761767,0.345587173,0.421370801
26465371,0.19711055,0.778844662,0.389422331,0.32378233,0.328879845
26448839,0.263511643,0.86085958,0.43042979,0.331546083,0.397881801
26341798,0.177439531,0.753286131,0.376643065,0.343214358,0.306388472
26267201,0.184343067,0.986350994,0.493175497,0.304992539,0.337900928
26266323,0.225244431,0.851785689,0.425892844,0.32660849,0.354321071
26154754,0.184317359,0.77618719,0.388093595,0.313899815,0.302933848
26145148,0.341969369,1.056140826,0.528070413,0.337295463,0.436295557
26127245,0.216051936,0.863939026,0.431969513,0.30041599,0.333618724
26083589,0.228171924,0.920350503,0.460175252,0.365503968,0.407610867
25952910,0.264524841,0.868049114,0.434024557,0.337901961,0.318837116
25851619,0.333786139,0.964923966,0.482461983,0.372015211,0.464189276
25837689,0.231723274,1.096600267,0.548300133,0.379062886,0.523665719
25790270,0.221726635,0.996547477,0.498273739,0.318150637,0.356556234
25627714,0.1744887,0.774237277,0.387118639,0.29236824,0.297437905
25517909,0.224680433,0.92192162,0.46096081,0.31919003,0.339255103
25497641,0.237292393,0.814632152,0.407316076,0.351620925,0.370555266
25364506,0.182093795,0.815626043,0.407813022,0.312813127,0.313843876
25362190,0.707276343,1.55151217,0.775756085,0.426910836,0.984048127
25228602,0.264825338,0.984173922,0.492086961,0.352619987,0.367598207
25226117,0.159185779,0.803104807,0.401552403,0.307436586,0.305815814
25192034,0.340246833,1.032370942,0.516185471,0.348298609,0.382892787
24931284,0.19523384,0.903858459,0.45192923,0.35438816,0.410221442
24907049,0.373686567,1.08387092,0.54193546,0.394356384,0.488311107
24899688,0.260513789,0.930560207,0.465280103,0.387620234,0.4230195
24880647,0.177368516,0.824404763,0.412202382,0.340669901,0.332719812
24733533,0.311391678,0.789008885,0.394504443,0.325907541,0.342079943
24623283,0.202813635,0.859500707,0.429750354,0.328642714,0.314417467
24593235,0.314266345,1.010593201,0.505296601,0.368790793,0.427205118
24420950,0.281990431,0.813463036,0.406731518,0.34688246,0.339387306
24390444,0.381642527,1.027854694,0.513927347,0.389267025,0.516164028
24364152,0.198320272,0.882944705,0.441472352,0.328633329,0.357838124
24340247,0.248139056,0.926135785,0.463067893,0.323423506,0.424585419
24133940,0.23048229,0.812339976,0.406169988,0.319946511,0.298711925
24062644,0.221181206,0.866496781,0.433248391,0.344949843,0.330877116
24012560,0.240203411,1.038689171,0.519344586,0.337160706,0.362696235
23949705,0.221398583,0.970205205,0.485102603,0.33774361,0.419537386
23944958,0.252204714,0.83309285,0.416546425,0.359164209,0.33638612
23887409,0.171769212,0.836277845,0.418138922,0.348411861,0.303949941
23853088,0.641491691,1.255895387,0.627947694,0.322422175,0.587541943
23843983,0.197933505,0.935233421,0.467616711,0.317000132,0.330305201
23589178,0.211660525,0.905173431,0.452586716,0.356419583,0.375795093
23577930,0.214399957,0.941263504,0.470631752,0.355234415,0.414158136
23566468,0.3001226,0.966926312,0.483463156,0.375768474,0.508493444
23483288,0.128751157,0.577795375,0.288897688,0.268745987,0.189497622
23426612,0.308815585,0.918101097,0.459050549,0.36202127,0.427390996
23415028,0.1980816,0.720541365,0.360270683,0.332016892,0.297975535
23399133,0.232794023,0.989607055,0.494803527,0.315963783,0.400067137
23392189,0.282170083,0.85164227,0.425821135,0.354567118,0.348031406
23359813,0.320013669,1.052612259,0.526306129,0.327621428,0.399117106
23334796,0.270341926,0.867419662,0.433709831,0.31496128,0.356677897
23293799,0.391176655,0.996055965,0.498027982,0.383917564,0.48554956
23188638,0.220181657,0.860948811,0.430474406,0.373614489,0.405895783
23135268,0.479785533,0.911380773,0.455690387,0.345371159,0.521609342
23129480,0.34296229,0.938801053,0.469400526,0.375659493,0.488218642
23115683,0.226753615,1.066370607,0.533185303,0.304122974,0.368723943
23112615,0.154324691,0.732734698,0.366367349,0.335564967,0.283393352
23055365,0.223645989,0.79552808,0.39776404,0.308116917,0.390124515
23018536,0.099320584,0.813875288,0.406937644,0.302173087,0.328940565
22996114,0.130276509,0.605832284,0.302916142,0.310824729,0.205074344
22961155,0.202987202,0.972103567,0.486051783,0.311053494,0.347496216
22956348,0.190893277,0.890298508,0.445149254,0.312840336,0.343577073
22931600,0.219299784,0.848771672,0.424385836,0.294802854,0.272817994
22881716,0.169622559,0.762700834,0.381350417,0.314143281,0.288084711
22864666,0.294655713,0.945624729,0.472812365,0.345946244,0.411625579
22826047,0.387253798,1.055049597,0.527524799,0.378155947,0.475757467
22668817,0.138476684,0.583740816,0.291870408,0.284093402,0.210640858
22654354,0.119089936,0.806946732,0.403473366,0.320820221,0.362611811
22564429,0.211635504,0.860717656,0.430358828,0.341367794,0.33574968
22527328,0.279625557,0.899449707,0.449724853,0.391041365,0.473403329
22484170,0.182344959,0.871427873,0.435713937,0.335857133,0.375712204
22423593,0.215663836,0.914302362,0.457151181,0.305867193,0.377878185
22301934,0.207522308,0.745270691,0.372635346,0.320337995,0.27434311
22171966,0.107502192,0.746560158,0.373280079,0.275614084,0.314579984
22164449,0.287041485,0.838375384,0.419187692,0.329117549,0.34359862
22131361,0.252012749,0.862787175,0.431393587,0.337701441,0.337650695
22122641,0.281938074,0.799263915,0.399631957,0.317124399,0.339823165
22112651,0.506557924,1.224509335,0.612254667,0.427101459,0.607187816
22008076,0.204870094,0.763630056,0.381815028,0.319631206,0.271289603
21821220,0.196811664,0.895428134,0.447714067,0.358875044,0.371044716
21819041,0.214257387,0.921936421,0.46096821,0.299848404,0.326080304
21404273,0.244654472,0.855410596,0.427705298,0.337404322,0.328767374
21241039,0.233316097,0.935433762,0.467716881,0.29968951,0.332033604
21182619,0.173654926,0.794045717,0.397022859,0.297220136,0.279377094
21067368,0.264272262,1.032998071,0.516499035,0.328029663,0.375044209
20961309,0.126676523,0.663990287,0.331995144,0.322362247,0.235492409
20916867,0.176486523,0.76887519,0.384437595,0.318524433,0.277290914
20904438,0.31930115,0.874640815,0.437320408,0.326865767,0.341319535
20871749,0.203419955,0.742787909,0.371393955,0.32201067,0.290651598
20815663,0.1290332,0.668610138,0.334305069,0.300971904,0.250600894
20810490,0.183748444,0.852326002,0.426163001,0.318108403,0.304284195
20781972,0.254031492,0.921930353,0.460965177,0.316624617,0.727539785
20748638,0.11557738,0.642545725,0.321272862,0.308909043,0.205398654
20744367,0.257418261,0.868270094,0.434135047,0.348768134,0.363448408
20682974,0.291436215,0.876563393,0.438281697,0.357050647,0.370360525
20621243,0.138961874,0.857302439,0.428651219,0.316959409,0.33337249
20552756,0.562394646,0.817039606,0.408519803,0.363856828,0.407915539
20543907,0.320827761,1.063065103,0.531532552,0.383307928,0.487077509
20531137,0.27604648,0.913630299,0.456815149,0.343966917,0.373173194
20439405,0.229429954,0.879321013,0.439660506,0.346428542,0.329238514
20327151,0.210235436,0.900538423,0.450269211,0.308235496,0.336239429
20315296,0.260136043,0.793625102,0.396812551,0.314680007,0.291352913
20258406,0.301485773,0.9291448,0.4645724,0.357350465,0.389981005
20256336,0.252233197,0.801425813,0.400712906,0.322529137,0.295197842
20243955,0.231413373,0.911677717,0.455838859,0.3099013,0.346142961
20018357,0.256427569,0.834888842,0.417444421,0.300955219,0.379437924
19998007,0.228335696,0.799391152,0.399695576,0.32928424,0.286996633
19960780,0.215832597,0.807376663,0.403688332,0.305286086,0.292012492
19956219,0.216897369,0.993563674,0.496781837,0.379476611,0.455329164
19892892,0.135957537,0.670404656,0.335202328,0.306617454,0.227884231
19835265,0.205509844,0.921708501,0.460854251,0.362193004,0.43582772
19824448,0.299990164,1.003279384,0.501639692,0.327865487,0.391235272
19804208,0.267403403,0.923762882,0.461881441,0.360045237,0.382585375
19733576,0.287660975,1.000655527,0.500327763,0.388001497,0.467806866
19720242,0.207943452,0.963382901,0.48169145,0.288461275,0.336097361
19707400,0.309149326,1.122047177,0.561023589,0.335185219,0.444795793
19611175,0.226194893,0.875830255,0.437915127,0.337084348,0.353019825
19589623,0.228751582,0.846214478,0.423107239,0.315054,0.300452977
19532258,0.236173312,0.859568694,0.429784347,0.354697485,0.368208113
19511193,0.159241112,0.694997436,0.347498718,0.306010335,0.24303645
19368298,0.372106236,0.994635145,0.497317572,0.364828482,0.42641225
19278556,0.298275395,0.917372423,0.458686212,0.367235199,0.430986911
19227097,0.310842001,0.846868979,0.423434489,0.382661741,0.423250428
19151711,0.231260902,0.793215965,0.396607982,0.353149258,0.354844674
19043679,0.23967811,0.844029194,0.422014597,0.317125364,0.313848941
19005144,0.132165101,1.191025354,0.595512677,0.313726169,0.502382883
18951864,0.239233633,0.94065526,0.47032763,0.328309126,0.39026318
18718871,0.138696367,0.66447477,0.332237385,0.324124659,0.230599115
18437585,0.280143251,0.960575449,0.480287724,0.361689698,0.404885903
18423640,0.203388439,0.777432299,0.38871615,0.348889158,0.324713818
18407045,0.405832579,1.067508504,0.533754252,0.343365393,1.022198298
18374320,0.150174563,0.89555107,0.447775535,0.328309998,0.33836095
18271419,0.261061936,0.906425687,0.453212844,0.321188404,0.337090637
18238147,0.230760567,0.964793199,0.482396599,0.332421307,0.374612861
18220218,0.260404956,0.884587121,0.44229356,0.341870267,0.345605325
17901972,0.386391135,0.954317207,0.477158603,0.35360156,0.395248822
17825945,0.118843353,0.56321678,0.28160839,0.289080366,0.313698412
17822437,0.192086038,0.810085271,0.405042636,0.316654148,0.305404251
17816817,0.321301213,0.941794233,0.470897117,0.333715278,0.38332294
17699578,0.20327572,0.812828811,0.406414405,0.386617656,0.376165417
17651340,0.1941471,0.767279282,0.383639641,0.333202314,0.313313183
17646017,0.103025126,0.634507979,0.317253989,0.282868949,0.207966166
17571044,0.158179261,0.68740205,0.343701025,0.323126135,0.283936604
17471213,0.219373436,0.799005213,0.399502607,0.335748181,0.310135327
17129977,0.257903371,0.889987267,0.444993633,0.36693403,0.374329983
17119745,0.333445778,1.054966752,0.527483376,0.378258307,0.522173088
17067687,0.288641895,0.875481625,0.437740812,0.357940753,0.398898872
17029428,0.361629076,0.920364117,0.460182059,0.348383778,0.38660022
16832848,0.232396203,0.900551631,0.450275816,0.369786593,0.368474853
16558990,0.186842738,0.83093876,0.41546938,0.30789688,0.313612606
16399785,0.227711732,0.95844079,0.479220395,0.303583066,0.313988001
16161013,0.174671957,0.655744875,0.327872437,0.294869557,0.254541637
16034092,0.747365254,1.245988725,0.622994362,0.486081644,0.915908536
15982856,0.2206101,0.790458518,0.395229259,0.343386944,0.316139239
15977902,0.398174906,0.699949181,0.349974591,0.348989817,0.279492845
15896852,0.242537392,0.87518527,0.437592635,0.365635736,0.412292987
15869926,0.362576572,0.987403526,0.493701763,0.360045697,0.452122842
15857362,0.198378262,0.780830398,0.390415199,0.350440965,0.380588458
15836141,0.255935869,0.877714875,0.438857438,0.370941176,0.388357222
15795433,0.165023775,0.845501103,0.422750552,0.317271524,0.269073505
15711750,0.173245012,0.827037199,0.413518599,0.363072709,0.349735996
15659286,0.334077573,0.904369606,0.452184803,0.355087553,0.384919869
15651776,0.125944026,0.681678724,0.340839362,0.329147108,0.364003758
15562504,0.115125116,0.833852904,0.416926452,0.29564905,0.314864199
15462983,0.325617596,0.916019244,0.458009622,0.360428543,0.43070351
15462771,0.332538449,0.980921726,0.490460863,0.33761743,0.405615907
15445210,0.309552031,0.906869308,0.453434654,0.344540068,0.410169639
15375264,0.205332389,0.81234655,0.406173275,0.350289653,0.340189587
15327507,0.238824221,0.813817749,0.406908875,0.319050104,0.285968358
15298231,0.189295573,0.720611007,0.360305504,0.340192372,0.289782854
15140057,0.278393383,0.849016338,0.424508169,0.373196086,0.492095318
14795108,0.256242771,0.938712973,0.469356487,0.345004649,0.430415045
14630819,0.224744783,0.90882774,0.45441387,0.335018232,0.330319939
14440242,0.14224005,0.973646867,0.486823434,0.295751405,0.332046395
14321363,0.19806441,0.754980993,0.377490496,0.311337366,0.298479253
14295241,0.230258902,0.905286179,0.45264309,0.337357187,0.371016185
14207038,0.185199287,0.781391988,0.390695994,0.346282598,0.319562795
14156875,0.220936862,0.770516847,0.385258424,0.341099008,0.309137759
14080241,0.156572895,0.685380865,0.342690433,0.302056924,0.238970117
13981839,0.258814491,0.861868437,0.430934219,0.368854206,0.38741641
13977076,0.156788433,0.759860752,0.379930376,0.355458198,0.299095555
13926088,0.346730184,1.019166129,0.509583065,0.359925012,0.453463466
13887584,0.285776794,0.851768867,0.425884434,0.35551845,0.369376831
13849221,0.160641615,0.862757214,0.431378607,0.303473831,0.323553326
13772764,0.444695488,1.035577873,0.517788937,0.378872255,0.504927734
13630333,0.207994756,0.739002462,0.369501231,0.328946328,0.288058947
13566917,0.137026953,0.618687729,0.309343865,0.316540847,0.200483552
13553385,0.371646806,1.006348488,0.503174244,0.352846761,0.426034242
13549369,0.214105448,0.815297061,0.40764853,0.339808399,0.343916125
13538926,0.214596764,0.904680186,0.452340093,0.323074737,0.375372057
13496665,0.57193584,0.859280839,0.42964042,0.333964405,0.348534804
13401764,0.161601401,0.79299375,0.396496875,0.326755275,0.321973972
13371508,0.269379975,0.942677054,0.471338527,0.346824511,0.4459495
13288300,0.309334472,1.017871772,0.508935886,0.380295584,0.478844149
13223958,0.209369964,0.880223588,0.440111794,0.338441132,0.3568924
13178622,0.317394134,0.947253386,0.473626693,0.379408039,0.470889442
13149501,0.209943848,0.792845735,0.396422868,0.305863297,0.26721386
13134536,0.087890677,0.626535164,0.313267582,0.299656052,0.221083137
13126380,0.264541492,0.935653429,0.467826714,0.340321827,0.350268939
13125317,0.232944509,0.936410994,0.468205497,0.284448479,0.357598822
13074316,0.17294637,0.767821468,0.383910734,0.311113398,0.303151266
13035875,0.19397313,0.792538545,0.396269273,0.363108056,0.343784647
13026966,0.19695686,0.984297544,0.492148772,0.286474277,0.339908837
13017201,0.500086812,1.185536163,0.592768082,0.417205997,0.749700783
12930537,0.271820323,1.07294586,0.53647293,0.320138033,0.462984172
12844960,0.267844577,1.022019777,0.511009889,0.380924203,0.538187997
12682317,0.250600594,0.966422838,0.483211419,0.392362585,0.470470273
12680645,0.225951161,0.858514901,0.42925745,0.309639245,0.301376821
12527639,0.146250727,1.078004482,0.539002241,0.360327173,0.587901274
12526790,0.313981044,1.106446383,0.553223192,0.326862458,0.693176964
12415200,0.36776891,0.987418723,0.493709362,0.382819132,0.495838901
12394529,0.277427648,0.891543277,0.445771638,0.379026467,0.444471817
12386544,0.315216129,0.899285209,0.449642605,0.338977465,0.394574857
12327230,0.164208703,0.626626464,0.313313232,0.304189676,0.224153291
12164854,0.206831177,0.996718892,0.498359446,0.338647416,0.347172183
12009777,0.328937779,0.98297664,0.49148832,0.323685297,0.402026866
11881064,0.298843824,0.974215774,0.487107887,0.350204997,0.423001503
11848670,0.19417649,0.750643361,0.37532168,0.316487452,0.257632773
11842025,0.191088908,0.766816408,0.383408204,0.303742812,0.273737525
11750202,0.448296026,1.131796234,0.565898117,0.379437319,0.541979712
11597946,0.225300726,0.756717234,0.378358617,0.293987389,0.305745664
11565674,0.227306619,0.818803412,0.409401706,0.333705694,0.319686934
11427115,0.415405684,1.042026641,0.52101332,0.373720929,0.419124145
11423174,0.200661253,0.679428653,0.339714327,0.287302974,0.679639228
11358734,0.557919928,1.028876262,0.514438131,0.333264814,0.818796399
11358081,0.318126876,0.964919145,0.482459572,0.312718438,0.412820461
11335477,0.184769816,0.816773593,0.408386797,0.326948162,0.298871101
11228318,0.251648692,0.853965677,0.426982838,0.369313491,0.386172013
11215533,0.285569781,0.94060202,0.47030101,0.358714502,0.426852111
11148131,0.207338769,0.801332195,0.400666098,0.303803934,0.283554307
11059167,0.196590094,0.739864768,0.369932384,0.324304494,0.287138248
11053153,0.196642075,0.832321672,0.416160836,0.317769875,0.298554373
10986404,0.350432963,1.056762335,0.528381167,0.398466195,0.486632984
10879013,0.349515513,1.00977648,0.50488824,0.468485315,0.660829039
10774147,0.551597846,1.160266279,0.58013314,0.439993584,0.668662861
10756301,0.252649598,0.868205803,0.434102902,0.349205326,0.357291393
10742541,0.550912605,1.121950578,0.560975289,0.409860598,0.589543326
10734326,0.367885908,0.937632676,0.468816338,0.342948166,0.416134355
10631863,0.196298399,0.949314007,0.474657004,0.295797769,0.322675064
10414989,0.250428641,0.892168549,0.446084274,0.369263422,0.419981441
10398346,0.134361614,0.696137154,0.348068577,0.280163617,0.217884635
10384462,0.3556084,1.00543197,0.502715985,0.383090148,0.489791612
10348311,0.229957685,0.810057127,0.405028564,0.300231426,0.323920125
10348034,0.320509342,0.952705775,0.476352888,0.390741333,0.42458665
10340026,0.230063214,0.850159951,0.425079975,0.334162712,0.327958631
10334028,0.223269916,0.801461554,0.400730777,0.338984767,0.323964159
10252234,0.220235698,0.755389926,0.377694963,0.313042631,0.282795077
10251315,0.247263518,0.905862427,0.452931214,0.346655314,0.380997044
10123981,0.173249226,0.975395191,0.487697596,0.33584823,0.385113956
9987799,0.262909889,0.897185981,0.44859299,0.359623064,0.404732996
9972457,0.17775229,0.727048975,0.363524488,0.288032405,0.225140631
9938570,0.162244961,0.726119492,0.363059746,0.309318782,0.310111832
9927546,0.220256403,0.822331676,0.411165838,0.307724619,0.333789643
9725326,0.289503379,0.836259028,0.418129514,0.34099205,0.378459417
9557126,0.306107306,0.91381179,0.456905895,0.347248904,0.381737344
9521536,0.193537463,0.840565307,0.420282654,0.304928319,0.320919202
9516916,0.16498735,0.894928351,0.447464175,0.298694037,0.319749701
9480570,0.325759158,0.903347173,0.451673586,0.360001577,0.398593962
9426311,0.154608324,0.717486008,0.358743004,0.30741253,0.229155503
9414155,0.283129727,0.966188774,0.483094387,0.376790565,0.416673529
9314013,0.542844806,0.875420224,0.437710112,0.316153622,0.320021602
9227049,0.236944458,0.816227526,0.408113763,0.359620283,0.37571501
9187930,0.291671708,1.03075151,0.515375755,0.325741008,0.440676904
9150302,0.262117371,0.892751582,0.446375791,0.324012534,0.415597714
9062918,0.25182993,0.8928163,0.44640815,0.337074694,0.315159148
9023821,0.787149425,1.059981597,0.529990799,0.405147362,0.672572788
8977071,0.208608082,0.867263563,0.433631782,0.3417656,0.323386492
8900628,0.265475448,0.926775694,0.463387847,0.341723007,0.349137647
8766134,0.120124795,0.638164726,0.319082363,0.2823623,0.192578992
8708196,0.374540948,0.998670083,0.499335041,0.397816772,0.508205594
8625456,0.157427752,0.603494723,0.301747362,0.295208356,0.23320191
8564485,0.291674236,0.939652667,0.469826334,0.315254996,0.38342988
8503729,0.437955993,0.904686737,0.452343369,0.37230148,0.50894477
8462477,0.227894104,0.851985718,0.425992859,0.336020456,0.338405743
8345459,0.317157466,0.89196022,0.44598011,0.363586717,0.394818633
8334868,0.094187042,0.59923969,0.299619845,0.274339448,0.18432512
8248521,0.359258453,1.059393295,0.529696648,0.343812864,0.469444375
8239592,0.359668793,1.028300089,0.514150044,0.426201232,0.62969244
8228894,0.277739776,0.965722021,0.48286101,0.325380475,0.357344641
8167945,0.239578268,0.840691488,0.420345744,0.333599537,0.317261716
8131454,0.203822788,0.820230455,0.410115228,0.31023431,0.314262891
8048890,0.335478469,0.981133582,0.490566791,0.384662409,0.478094479
8046532,0.187467343,0.769706529,0.384853264,0.320026814,0.282874139
8042382,0.252227469,0.933307781,0.466653891,0.362253418,0.388758112
7973716,0.168945396,0.702889826,0.351444913,0.311295719,0.261601704
7969168,0.244899629,0.866215623,0.433107812,0.338787487,0.337661072
7850750,0.219733828,0.842085655,0.421042827,0.374320074,0.522902106
7813355,0.143456301,0.587535848,0.293767924,0.295782482,0.207208943
7752337,0.229210929,0.814595331,0.407297666,0.326018091,0.352492673
7704831,0.15861679,0.674105469,0.337052734,0.324045263,0.255381963
7664294,0.29394554,0.958070798,0.479035399,0.363805153,0.396917885
7639929,0.257945831,0.900468402,0.450234201,0.314342961,0.349679497
7588529,0.40969617,1.048101983,0.524050992,0.416275977,0.563360057
7529200,0.193819519,0.843870254,0.421935127,0.340043168,0.327130242
7484735,0.244745964,0.998804615,0.499402308,0.327848258,0.380845121
7472847,0.274184006,0.866467871,0.433233935,0.330851658,0.357637504
7383416,0.215591665,0.80330867,0.401654335,0.345587282,0.339442393
7361844,0.250099088,0.874871706,0.437435853,0.354432105,0.383265417
7124591,0.200398845,0.78210884,0.39105442,0.31838625,0.287983793
7059410,0.186686273,0.704259637,0.352129818,0.337363689,0.391944483
7051754,0.236108208,0.793800083,0.396900042,0.337807947,0.317036982
6981752,0.241152719,0.935701225,0.467850613,0.34034217,0.339587072
6918917,0.348589904,1.211914448,0.605957224,0.461647213,0.715874972
6879155,0.327562091,1.116493217,0.558246608,0.371090731,0.491369872
6771831,0.255964925,0.897913077,0.448956539,0.344051917,0.360503563
6739749,0.242215681,0.831613952,0.415806976,0.334832741,0.341373944
6732597,0.18846517,0.745281276,0.372640638,0.296009761,0.255152015
6730332,0.418056971,1.143435068,0.571717534,0.373144923,0.558210367
6663090,0.263868674,0.94086432,0.47043216,0.382019538,0.422748067
6643268,0.268115359,0.940499402,0.470249701,0.366975084,0.457544061
6458242,0.175244729,0.885917583,0.442958792,0.342125132,0.385452266
6447592,0.252200083,0.833312723,0.416656361,0.345246267,0.340185306
6341882,0.343232034,0.937915744,0.468957872,0.309121745,0.358405979
6321000,0.152472209,0.62648656,0.31324328,0.304577361,0.222096813
6305926,0.227360718,0.960635332,0.480317666,0.398572564,0.425075248
6302267,0.15684246,0.80565369,0.402826845,0.296931228,0.295640633
6216723,0.189618147,0.781084229,0.390542114,0.352707238,0.505071196
6208088,0.263703993,0.989196332,0.494598166,0.351179055,0.42832497
6207631,0.255902733,0.83700684,0.41850342,0.34054,0.340163555
6199900,0.187473417,0.716405884,0.358202942,0.321180456,0.284978731
6141756,0.273577744,0.92770548,0.46385274,0.376913362,0.512645008
6136793,0.182784233,0.728703737,0.364351868,0.303726129,0.264947976
6134663,0.326515228,0.766083107,0.383041554,0.337190071,0.375671022
6078355,0.152906606,0.676644395,0.338322197,0.294462872,0.212637809
5971012,0.293745495,0.917544621,0.458772311,0.402447704,0.449764885
5946448,0.266485326,0.878712476,0.439356238,0.346535379,0.358156513
5876717,0.084794244,0.756804582,0.378402291,0.266702766,0.312979409
5874410,0.19750375,0.919186206,0.459593103,0.324628874,0.350764496
5811408,0.13603526,0.724931261,0.362465631,0.30142468,0.246592579
5767111,0.177136177,0.788270666,0.394135333,0.341135073,0.322967964
5732819,0.288082759,0.882173946,0.441086973,0.347244372,0.405350875
5641239,0.570113944,1.240057771,0.620028885,0.407633369,0.781361918
5625948,0.309048983,0.949410847,0.474705424,0.371506122,0.375563288
5580339,0.275286034,0.851625478,0.425812739,0.32217196,0.370888145
5513934,0.240178194,0.749535684,0.374767842,0.319017494,0.33312046
5466406,0.414852343,1.062349503,0.531174751,0.389568263,0.539175872
5455211,0.263381849,0.871659734,0.435829867,0.321058484,0.368554334
5426623,0.259073919,0.898149776,0.449074888,0.362070932,0.37651426
5424352,0.263734119,0.89409316,0.44704658,0.380672797,0.526591768
5358902,0.177419317,0.764498087,0.382249044,0.296190155,0.257913529
5348015,0.197915708,0.790941104,0.395470552,0.345308019,0.316477708
5344228,0.377075781,1.085422695,0.542711347,0.343807321,0.494089085
5291991,0.154625498,0.726350413,0.363175206,0.3018229,0.348394916
5237888,0.187695991,0.716097466,0.358048733,0.300536825,0.243968505
5232724,0.135224014,0.668677091,0.334338545,0.316110939,0.251893496
5232598,0.199158972,0.729663763,0.364831882,0.356660472,0.316976854
5228267,0.327458102,0.964170819,0.482085409,0.350109071,0.41215812
5189647,0.225115201,0.901945956,0.450972978,0.332544662,0.375343777
5180500,0.408246938,1.095979421,0.54798971,0.373052317,0.470643627
5177866,0.364434667,1.064669184,0.532334592,0.396214756,0.584321231
5173598,0.425248623,0.991410847,0.495705424,0.345931912,0.411101632
5156288,0.159633585,0.62179427,0.310897135,0.279164673,0.198573042
5153691,0.204814626,0.755376502,0.377688251,0.348573419,0.345727038
5151340,0.418584629,0.927140926,0.463570463,0.360346385,0.433882063
5146276,0.158370531,0.890632429,0.445316214,0.306101307,0.314113173
5123653,0.283781396,0.809471693,0.404735846,0.344030998,0.389973624
5115203,0.576461321,0.882495961,0.44124798,0.404621155,0.496096695
5077160,0.277782232,0.766144377,0.383072189,0.320335962,0.31835319
5042138,0.438412032,1.078664199,0.5393321,0.393939562,0.515741246
4997726,0.182423579,0.738654302,0.369327151,0.342273571,0.286161274
4995240,0.190182971,0.754170997,0.377085498,0.299868128,0.260063469
4990745,0.249609455,0.913172975,0.456586488,0.351613411,0.374508761
4986911,0.209244562,0.776596619,0.388298309,0.308531236,0.312573126
4980432,0.274144669,0.900906596,0.450453298,0.363986013,0.377980848
4948347,0.192553759,0.790913543,0.395456771,0.307303973,0.265838997
4944007,0.283951382,0.95067093,0.475335465,0.356013105,0.345350621
4939636,0.193405323,0.803466716,0.401733358,0.341463447,0.328161571
4888011,0.142398047,0.725188106,0.362594053,0.341664483,0.312103534
4879080,0.193717671,0.919623136,0.459811568,0.367051319,0.349230602
4834714,0.155089684,0.706984898,0.353492449,0.287433625,0.212986988
4788588,0.195683246,0.713192347,0.356596174,0.317160627,0.257360969
4780626,0.188271407,0.797756335,0.398878168,0.307242279,0.274218311
4751428,0.120285573,0.709191371,0.354595685,0.340881477,0.269136535
4732215,0.169500611,0.931564856,0.465782428,0.31582549,0.381133007
4701442,0.272251604,0.942809449,0.471404725,0.417359234,0.490327354
4693077,0.24775197,0.827467702,0.413733851,0.358396566,0.363001689
4670962,0.37230932,0.996547487,0.498273743,0.372528907,0.461143918
4669024,0.163973183,0.72409375,0.362046875,0.308608638,0.253462219
4640865,0.334731649,0.961058453,0.480529226,0.350790197,0.437856348
4627372,0.219354729,0.824983168,0.412491584,0.334728537,0.311683798
4610576,0.443527979,1.086282177,0.543141088,0.396925827,0.564435475
4597795,0.302228748,0.920871394,0.460435697,0.301979298,0.390464749
4593705,0.214566612,0.854087704,0.427043852,0.341328118,0.343840074
4569900,0.189342572,0.74609665,0.373048325,0.316850074,0.271939582
4532636,0.182609083,0.566285144,0.283142572,0.287213559,0.182316685
4506876,0.169197661,0.715130493,0.357565246,0.298408078,0.298414133
4491531,0.212702954,0.778200116,0.389100058,0.31393209,0.278176065
4478810,0.90398714,0.885794227,0.442897113,0.346366092,0.352594193
4465293,0.36149853,0.83701346,0.41850673,0.344890433,0.373693075
4445210,0.148260403,0.697994835,0.348997417,0.329735382,0.301296888
4409266,0.199223602,0.701383579,0.350691789,0.343085882,0.308561458
4361516,0.30041936,0.960756659,0.48037833,0.355506986,0.397645944
4357034,0.147229367,0.829129937,0.414564968,0.304806851,0.27130553
4308028,0.239144571,0.864491093,0.432245546,0.347571349,0.359295805
4294858,0.152129996,0.638860413,0.319430207,0.31070387,0.235322214
4263797,0.142195889,0.759613351,0.379806675,0.334348148,0.288911355
4234119,0.160992349,0.68817799,0.344088995,0.334498138,0.282949263
4217184,0.149224462,0.69126079,0.345630395,0.331160357,0.273172156
4195782,0.234320804,0.72535107,0.362675535,0.338917415,0.301258725
4145136,0.176405529,0.822619854,0.411309927,0.342026184,0.368641121
4145056,0.351875917,1.051415488,0.525707744,0.369906428,0.473374789
4130201,0.205011004,0.752332765,0.376166382,0.32226785,0.385924789
4069536,0.281063279,0.873708076,0.436854038,0.352401272,0.374912417
4067661,0.146180486,0.773502877,0.386751439,0.310788291,0.253623324
4061961,0.233289953,0.790288702,0.395144351,0.336254766,0.317841643
4025773,0.231672664,0.805317245,0.402658622,0.345218968,0.419959384
4017833,0.26508085,0.871870191,0.435935095,0.332653007,0.319985853
3967726,0.222737507,0.80790534,0.40395267,0.372168599,0.415331606
3947986,0.132482075,0.576304809,0.288152404,0.309744032,0.200563986
3924830,0.29367184,0.892627888,0.446313944,0.332736325,0.34631679
3923318,0.270149096,0.892387455,0.446193727,0.357272759,0.420396085
3922673,0.097592436,0.778779913,0.389389957,0.302548749,0.301747838
3914439,0.175573493,0.809582587,0.404791293,0.32864877,0.322071293
3902771,0.198698393,0.870261757,0.435130879,0.38009435,0.405982129
3872142,0.167878148,0.711616524,0.355808262,0.3399789,0.272675707
3847551,0.328100001,0.966335024,0.483167512,0.35182649,0.41037917
3836774,0.596190138,0.942404663,0.471202332,0.403151967,0.564220858
3824745,0.194204362,0.784088147,0.392044073,0.330061512,0.308580217
3798706,0.166892198,0.689722689,0.344861345,0.296179893,0.232377411
3793011,0.197552344,0.862076301,0.43103815,0.287867327,0.25272415
3741220,0.186584564,0.658010872,0.329005436,0.304063462,0.239003505
3728510,0.202144783,0.741201052,0.370600526,0.336566921,0.325577366
3670492,0.149469485,0.71533591,0.357667955,0.309404515,0.260482911
3623568,0.236159583,0.878325065,0.439162533,0.383223046,0.39874195
3608743,0.209507058,0.786422978,0.393211489,0.357494567,0.368720315
3588397,0.153502517,0.751282922,0.375641461,0.333769886,0.271328803
3588387,0.278534583,0.953347044,0.476673522,0.32162959,0.387878959
3580907,0.248319605,0.884751348,0.442375674,0.345038309,0.348594527
3501803,0.262704735,0.912361697,0.456180849,0.329658174,0.380370967
3478561,0.344379031,0.905639489,0.452819744,0.352450967,0.408923183
3441650,0.185687336,0.726530542,0.363265271,0.304227153,0.238942396
3417327,0.382167193,0.925275208,0.462637604,0.356784572,0.434310686
3387663,0.167733835,0.711679371,0.355839686,0.296676889,0.26213018
3384819,0.33662807,0.886745179,0.44337259,0.352936536,0.373125776
3379318,0.23996476,0.82027098,0.41013549,0.318373761,0.305248747
3361091,0.40283776,1.013272154,0.506636077,0.39640713,0.492352305
3341647,0.369325784,0.944083759,0.472041879,0.324201225,0.432063505
3328034,0.260629629,0.888179008,0.444089504,0.328747252,0.354846455
3313572,0.489121615,0.806802245,0.403401122,0.315773147,0.311278774
3313332,0.227060802,0.812679696,0.406339848,0.333264235,0.347122278
3277334,0.260145143,0.863388647,0.431694323,0.33614351,0.327198473
3270789,0.212218102,0.893149039,0.446574519,0.382428094,0.47041249
3225430,0.217276955,0.866538003,0.433269001,0.346072067,0.360371581
3223254,0.368026498,0.761288465,0.380644233,0.33379854,0.356913645
3203728,0.31148785,0.91916771,0.459583855,0.348168005,0.391330011
3177690,0.195055153,0.804458305,0.402229152,0.332119682,0.337513641
3174947,0.171315055,0.746665207,0.373332604,0.295177416,0.23949642
3167531,0.208307569,0.882577604,0.441288802,0.327077236,0.314541336
3161232,0.346608925,0.972125299,0.48606265,0.375878597,0.447872504
3153189,0.147892492,0.669389115,0.334694557,0.294657487,0.232230612
3146136,0.109092289,0.630323079,0.31516154,0.288324281,0.282276802
3109237,0.206359836,0.765691412,0.382845706,0.31662423,0.275371919
3105386,0.278952489,0.951716683,0.475858341,0.322245399,0.387868484
3079504,0.095364382,0.649609294,0.324804647,0.284120969,0.222381407
3072427,0.3923236,0.900819785,0.450409893,0.391115098,0.480624411
3071695,0.189522388,0.77866615,0.389333075,0.355774063,0.32438173
3063013,0.259801644,0.906382589,0.453191295,0.369984925,0.363289422
3057109,0.448591249,1.040888022,0.520444011,0.382075964,0.484608757
3035115,0.15065847,0.614906032,0.307453016,0.3025386,0.205880964
3032446,0.141671575,0.816417745,0.408208873,0.326058837,0.309567038
2976262,0.445415205,0.837819303,0.418909652,0.325797929,0.319225198
2955724,0.18036211,0.753526246,0.376763123,0.333765847,0.357664448
2951437,0.244413911,0.838311304,0.419155652,0.35029102,0.3541618
2950235,0.182387059,0.81496089,0.407480445,0.332049073,0.307760718
2904674,0.195244571,0.718499043,0.359249521,0.330848583,0.301697584
2904081,0.196932935,0.760262092,0.380131046,0.336318042,0.319886645
2898980,0.217552722,0.861874971,0.430937486,0.329712398,0.356959034
2898520,0.154633138,0.764712153,0.382356076,0.317783011,0.338025193
2890802,0.206045657,0.807759408,0.403879704,0.316635634,0.289012308
2879151,0.150721996,0.660805628,0.330402814,0.313789471,0.216799696
2866837,0.175313114,0.669660543,0.334830271,0.32341413,0.246531886
2860723,0.194580696,0.827787427,0.413893714,0.333493599,0.406929744
2852887,0.218986552,0.810495714,0.405247857,0.329041272,0.309915193
2846913,0.848433858,1.075374026,0.537687013,0.342280499,0.536431297
2843647,0.16865668,0.813762147,0.406881073,0.314982231,0.348718899
2812446,0.222412631,0.800312162,0.400156081,0.284800042,0.278366954
2812098,0.239046546,0.799175308,0.399587654,0.337160974,0.34382859
2790158,0.277339829,0.915904023,0.457952011,0.334234198,0.3258521
2757172,0.256416809,0.850078863,0.425039431,0.320262532,0.301708712
2747461,0.209596118,0.768537838,0.384268919,0.332363643,0.313986816
2747265,0.291786204,0.882962868,0.441481434,0.343323894,0.403899502
2745984,0.31726343,1.01127842,0.50563921,0.360490379,0.435497537
2722583,0.270306706,0.941138542,0.470569271,0.35010073,0.413193953
2721657,0.261968777,0.958250875,0.479125438,0.42647893,0.524460519
2719706,0.257067815,0.851755479,0.42587774,0.332712813,0.329561954
2707735,0.144420982,0.683330822,0.341665411,0.325657875,0.25465039
2706684,0.259772203,0.966257736,0.483128868,0.428879432,0.519820998
2692944,0.134804169,0.808294825,0.404147412,0.307765756,0.272157928
2655139,0.268544141,0.851571602,0.425785801,0.349906824,0.351446092
2650604,0.194033932,0.794841755,0.397420878,0.343610301,0.312770551
2642613,0.26318143,0.979649397,0.489824699,0.336285074,0.379321526
2634407,0.237383139,1.146202459,0.573101229,0.308525765,0.419894326
2632576,0.205728613,0.865649044,0.432824522,0.319063612,0.30499558
2626332,0.401605066,0.698760213,0.349380106,0.322565734,0.31510671
2624144,0.273192069,0.864855323,0.432427662,0.330823033,0.338972819
2609601,0.122515609,0.854801065,0.427400533,0.340149519,0.377963037
2608802,0.160965034,0.690786725,0.345393363,0.337679171,0.283836629
2607539,0.265202971,0.940233807,0.470116904,0.352407415,0.424810177
2603561,0.314804725,1.062270877,0.531135438,0.319413977,0.416296318
2590596,0.213989243,0.873919944,0.436959972,0.337944822,0.325756261
2579541,0.356661409,0.975327825,0.487663912,0.390055728,0.54301507
2573153,0.212072179,0.780363138,0.390181569,0.304818836,0.255043405
2568038,0.296055645,0.924949274,0.462474637,0.376729215,0.467956738
2567338,0.248882595,0.830930523,0.415465262,0.334989906,0.315910556
2567136,0.270970028,0.853347946,0.426673973,0.379115466,0.406786428
2561985,0.346697558,0.916457825,0.458228912,0.337884565,0.379138293
2542703,0.188817696,0.867627223,0.433813611,0.345132836,0.338262861
2521222,0.258922743,0.74339926,0.37169963,0.305398495,0.300425228
2517538,0.224308143,0.91669223,0.458346115,0.378391841,0.402750751
2507933,0.222210961,0.908789527,0.454394763,0.326320907,0.322151684
2501632,0.329528217,0.94603719,0.473018595,0.357019202,0.394501333
2498078,0.21838564,0.825346553,0.412673276,0.32616395,0.33289386
2496397,0.1394012,0.55261007,0.276305035,0.259417538,0.253817579
2488512,0.361846298,0.88494294,0.44247147,0.368804271,0.501032126
2483625,0.173256833,0.752194448,0.376097224,0.346113274,0.314849797
2480402,0.387505258,1.068322299,0.534161149,0.33948613,0.459546553
2467618,0.103049997,0.632112224,0.316056112,0.311321292,0.232240939
2449095,0.236675736,0.843890024,0.421945012,0.309200025,0.29855308
2446936,0.189744129,0.73189539,0.365947695,0.30853061,0.367151194
2444068,0.188500355,0.84897816,0.42448908,0.361711201,0.363365277
2432286,0.25063754,0.875683883,0.437841942,0.366723654,0.359187565
2423278,0.426022801,1.043655693,0.521827847,0.405699284,0.493064275
2420383,0.223673451,0.87225626,0.43612813,0.355674097,0.379615782
2419668,0.183126522,0.845702763,0.422851381,0.345422761,0.313849435
2415124,0.231396741,0.820475143,0.410237571,0.34102143,0.330979542
2403537,0.154622214,0.756529708,0.378264854,0.340568679,0.339533641
2375356,0.155576709,0.645084052,0.322542026,0.333250108,0.250458804
2368825,0.320817776,0.929823004,0.464911502,0.31551472,0.362643689
2366174,0.247819576,0.866077154,0.433038577,0.38366735,0.440415646
2366009,0.191770503,0.744843153,0.372421576,0.345073605,0.315695439
2362867,0.223107195,0.818474487,0.409237244,0.338556458,0.324433058
2349170,0.274370792,0.798634512,0.399317256,0.328638976,0.32983708
2348067,0.623304292,1.144538009,0.572269005,0.361458142,0.524775663
2339662,0.237758121,0.706825789,0.353412894,0.300092058,0.249205805
2326544,0.195158752,0.676888791,0.338444396,0.29924521,0.220753077
2307758,0.284317483,0.931057797,0.465528899,0.36432866,0.38485129
2300673,0.27792092,1.029180043,0.514590021,0.37402576,0.613937904
2295338,0.285112727,0.9183905,0.45919525,0.321937823,0.335890313
2293681,0.242568409,0.822742843,0.411371422,0.317795414,0.339249552
2292515,0.215140902,0.848365602,0.424182801,0.337266488,0.316447506
2257122,0.222513319,0.80723222,0.40361611,0.367623614,0.380313722
2248099,0.118098998,0.653195292,0.326597646,0.292448224,0.213439148
2245715,0.253129778,1.03460451,0.517302255,0.378314546,0.455164454
2216443,0.316749948,0.94619051,0.473095255,0.373432207,0.452284411
2214855,0.19840045,0.770960162,0.385480081,0.294623491,0.260261364
2206944,0.192851215,0.780554079,0.39027704,0.354472951,0.312709151
2206551,0.200278964,0.757577567,0.378788784,0.363848627,0.346052747
2188681,0.272343165,0.928726022,0.464363011,0.331060417,0.347763753
2183600,0.374385158,1.06704036,0.53352018,0.363778884,0.461193165
2171244,0.141707573,0.657438664,0.328719332,0.339952219,0.242339272
2161307,0.353991408,0.993880557,0.496940279,0.356796436,0.43039733
2154134,0.179012438,0.827217145,0.413608573,0.375449659,0.389935458
2148320,0.210245411,0.842349794,0.421174897,0.309757135,0.290165724
2115026,0.129683881,0.751034416,0.375517208,0.293496909,0.256126552
2095936,0.400967797,1.213119034,0.606559517,0.435383111,0.71045731
2094131,0.719674526,1.32373374,0.66186687,0.422381711,0.774481233
2093818,0.122529832,0.643110652,0.321555326,0.277079186,0.258977804
2090627,0.49269862,1.230855406,0.615427703,0.346821632,0.587218118
2086380,0.222071792,0.89711636,0.44855818,0.351303575,0.371144469
2082018,0.185511945,0.755143536,0.377571768,0.334871246,0.286717305
2079400,0.228380753,0.763341431,0.381670715,0.286934416,0.444460671
2074560,0.277426324,0.930690441,0.46534522,0.369259062,0.39080516
2044223,0.410425428,0.997935442,0.498967721,0.352481628,0.439050094
2042633,0.17612884,0.761667807,0.380833904,0.357733922,0.345020292
2030420,0.329369957,1.0039583,0.50197915,0.356948264,0.412812233
2024359,0.271141718,0.902901513,0.451450757,0.353098661,0.371113799
2020269,0.15903975,0.670564076,0.335282038,0.313627989,0.311227724
2020154,0.11665109,0.630139543,0.315069771,0.312919468,0.238768475
2000855,0.175855818,0.854031418,0.427015709,0.355456636,0.34271134
1997252,0.235496129,0.832728171,0.416364085,0.348686049,0.322641299
1994786,0.387864482,1.077708568,0.538854284,0.361746316,0.486558391
1994077,0.164683795,0.698651857,0.349325929,0.321762037,0.269903282
1982609,0.228359746,0.821979995,0.410989998,0.36487546,0.351986521
1982210,0.20111358,0.808115234,0.404057617,0.323328154,0.311214891
1980092,0.162092097,0.676515284,0.338257642,0.329124296,0.26561587
1977084,0.170024146,0.763853634,0.381926817,0.31196214,0.267539525
1974138,0.426690326,1.002200717,0.501100359,0.351585736,0.443646101
1966301,0.488721835,1.139455345,0.569727673,0.388172442,0.612059197
1957937,0.329386955,0.90999046,0.45499523,0.333328985,0.374859184
1955998,0.152565815,0.767751011,0.383875506,0.316988477,0.269020072
1953247,0.507427718,1.183478574,0.591739287,0.403210989,0.590517953
1951246,0.473984284,0.942897601,0.4714488,0.356206983,0.438657731
1950221,0.361397477,1.080974804,0.540487402,0.37381474,0.483971226
1941835,0.160039055,0.697581366,0.348790683,0.312980474,0.258111735
1935875,0.273244329,0.925747605,0.462873803,0.35398765,0.435760826
1917678,0.481920879,0.866836164,0.433418082,0.357983574,0.467523816
1911738,0.225040075,0.794457771,0.397228885,0.338491387,0.328920904
1903880,0.190603134,0.740116464,0.370058232,0.308134375,0.269978024
1899620,0.180090617,0.756583801,0.378291901,0.286250855,0.250356544
1896124,0.161472944,0.682699945,0.341349972,0.327356894,0.237248224
1889676,0.327908976,0.936269346,0.468134673,0.343855741,0.419016133
1878251,0.095174587,0.586736721,0.293368361,0.253830805,0.234762658
1874199,0.352331174,1.039262203,0.519631102,0.361980538,0.452975851
1831049,0.237061823,0.742782593,0.371391297,0.312765731,0.290489059
1830094,0.195893101,0.755486723,0.377743361,0.320074995,0.265384604
1828453,0.226778172,0.850712762,0.425356381,0.330895155,0.324811373
1819548,0.20548611,0.866771357,0.433385678,0.323655752,0.322638718
1803589,0.158053044,0.779109844,0.389554922,0.339080522,0.333647239
1790888,0.26595277,0.939842817,0.469921409,0.319095702,0.345702928
1788797,0.4096802,1.103848702,0.551924351,0.415418562,0.604724179
1777116,0.221345224,0.815562382,0.407781191,0.308190282,0.299482579
1773414,0.384595454,0.728377833,0.364188916,0.325645856,0.310181135
1770506,0.293042749,0.88880477,0.444402385,0.335799738,0.371377673
1761695,0.213858497,0.856667252,0.428333626,0.364689874,0.385521625
1745168,0.190572151,0.927741657,0.463870828,0.304024792,0.318672005
1744070,0.346500137,1.128999574,0.564499787,0.356052719,0.516509446
1732001,0.177115348,0.732212672,0.366106336,0.29852479,0.277360165
1729342,0.278748838,0.863200159,0.431600079,0.347905238,0.37027106
1722967,0.535677012,0.972454127,0.486227063,0.343256163,0.431387304
1722042,0.133244616,0.742850979,0.37142549,0.301040272,0.270513567
1721672,0.290771554,0.954928119,0.47746406,0.357763241,0.383127184
1705497,0.630457366,1.078340238,0.539170119,0.390929656,0.538701288
1700743,0.16953071,0.792827203,0.396413601,0.319248351,0.279955546
1697212,0.09735283,0.586189567,0.293094783,0.274050591,0.207037893
1696608,0.150765848,0.765993914,0.382996957,0.318004663,0.332650666
1683855,0.230411701,0.811892688,0.405946344,0.356890778,0.331937571
1683802,0.257740673,0.884470252,0.442235126,0.349580817,0.372349929
1682524,0.174500001,0.737367294,0.368683647,0.318229099,0.292490764
1676007,0.158009992,0.715634654,0.357817327,0.315250057,0.256694365
1675392,0.246669343,0.832772356,0.416386178,0.325328891,0.328733347
1657894,0.181385116,0.969088243,0.484544121,0.29887168,0.348813323
1651004,0.180180282,0.84947314,0.42473657,0.304037051,0.287201287
1640094,0.312332478,0.950224072,0.475112036,0.31245895,0.421654111
1634796,0.332583076,1.095673847,0.547836924,0.340314276,0.50975168
1628323,0.325931072,0.962882428,0.481441214,0.339645445,0.385856988
1622466,0.118261201,0.674651646,0.337325823,0.295986652,0.246277763
1616919,0.184316219,0.733350304,0.366675152,0.319886039,0.252103316
1609501,0.17328812,0.679503851,0.339751926,0.329337055,0.241637595
1606763,0.152690265,0.651064035,0.325532018,0.30826576,0.323005327
1605950,0.199976277,0.775257661,0.387628831,0.325290205,0.296696745
1601212,0.125903465,0.756595411,0.378297706,0.304729537,0.314036391
1598260,0.156452845,0.679019027,0.339509513,0.308452305,0.307521673
1596808,0.357581321,0.976498123,0.488249061,0.341209557,0.388275726
1596208,0.232222375,0.914020818,0.457010409,0.345203424,0.394688817
1592694,0.338762159,0.923856784,0.461928392,0.358672344,0.413714548
1590118,0.160159664,0.744151126,0.372075563,0.328958274,0.279797685
1588706,0.169285751,0.745817188,0.372908594,0.341980372,0.285461439
1578251,0.274358249,0.870364308,0.435182154,0.34280755,0.401194116
1577474,0.209326608,0.80930773,0.404653865,0.316107135,0.28932918
1575693,0.303060652,0.941726323,0.470863162,0.372823004,0.417502401
1556514,0.244584879,0.87995839,0.439979195,0.308288859,0.317780532
1552793,0.174943771,0.799577958,0.399788979,0.348660646,0.329681865
1546152,0.54742295,1.147690322,0.573845161,0.381525565,0.545938267
1545857,0.3982361,1.067578593,0.533789296,0.380042367,0.487606411
1544320,0.39185267,1.024659555,0.512329778,0.343118406,0.408592406
1532177,0.128081037,0.613097841,0.30654892,0.320995838,0.239586518
1530907,0.23846651,0.802520357,0.401260179,0.3550311,0.360077423
1522352,0.282956481,0.89241627,0.446208135,0.358179577,0.373895206
1518804,0.318562062,0.980217887,0.490108943,0.35672651,0.410036431
1517556,0.255235382,0.898067723,0.449033861,0.403255253,0.432560791
1510825,0.681465107,1.224401251,0.612200625,0.344718009,0.589102732
1506029,0.434661488,1.009502519,0.50475126,0.392913973,0.55991058
1501216,0.156708882,0.666665511,0.333332755,0.305926213,0.26479898
1493052,0.210855322,0.851362021,0.42568101,0.328365138,0.309862056
1486405,0.301685349,0.923110687,0.461555343,0.338020272,0.366934162
1471623,0.115625161,0.794280897,0.397140449,0.290710141,0.274825781
1464936,0.323956813,1.068643163,0.534321582,0.312149597,0.383922472
1457119,0.192170019,0.913549797,0.456774898,0.303669048,0.361878563
1444027,0.418172957,1.027920306,0.513960153,0.374995612,0.529607656
1436336,0.370987986,0.968513213,0.484256606,0.37817452,0.460825969
1423109,0.560009135,1.125592723,0.562796361,0.383392211,0.550619264
1419266,0.222210816,0.935792819,0.46789641,0.331791341,0.34040021
1416505,0.220614303,0.831319426,0.415659713,0.294275578,0.465297199
1406466,0.180325303,0.66825251,0.334126255,0.279973247,0.250301712
1406078,0.152587855,0.776466206,0.388233103,0.366026404,0.317590494
1399158,0.211363188,0.788022879,0.394011439,0.356485039,0.342137373
1393856,0.538810605,1.028819093,0.514409547,0.333737653,0.669548629
1391596,0.170406976,0.694336995,0.347168498,0.293571493,0.288384197
1390493,0.149711626,0.707836548,0.353918274,0.282871034,0.306748108
1384699,0.868827111,1.233790428,0.616895214,0.390282366,0.705755235
1365222,0.434969175,1.039368913,0.519684456,0.352060269,0.476204604
1364019,0.15636491,0.823202887,0.411601444,0.301826681,0.320403836
1360747,0.214617463,0.758481664,0.379240832,0.341153746,0.300221827
1355507,0.133734929,0.674298092,0.337149046,0.30619194,0.283831137
1355003,0.210984464,0.900824238,0.450412119,0.327700046,0.318033838
1350313,0.225402304,0.877892469,0.438946234,0.306737941,0.622669644
1350199,0.483005886,1.033217327,0.516608664,0.353179058,0.488566409
1346534,0.223084324,0.877451547,0.438725774,0.345198625,0.350870627
1332263,0.496463624,1.253293351,0.626646676,0.430328718,0.657665766
1328109,0.292831098,0.934083147,0.467041573,0.346309226,0.391888626
1318549,0.225831303,0.800261376,0.400130688,0.34930533,0.367163819
1313418,0.319328796,0.910936239,0.45546812,0.317752531,0.352158627
1307882,0.215605234,0.896660922,0.448330461,0.335681848,0.361236151
1303993,0.149167042,0.680094058,0.340047029,0.314219666,0.267665313
1298472,0.19856412,0.776854457,0.388427229,0.317967166,0.293429507
1293485,0.095898227,0.589180197,0.294590099,0.30309417,0.238623907
1257208,0.385408378,0.88331834,0.44165917,0.352543738,0.431118578
1249454,0.330766849,0.954631602,0.477315801,0.376090364,0.443783516
1248587,0.226305217,0.900434031,0.450217015,0.301328259,0.321954074
1238481,0.372364866,1.090639276,0.545319638,0.354656696,0.452896587
1234929,0.108234994,0.52203327,0.261016635,0.254311482,0.171521327
1231696,0.197765816,0.770051652,0.385025826,0.359778966,0.348555225
1219578,0.214703738,0.739916288,0.369958144,0.353940484,0.394429832
1217890,0.166061172,0.895266584,0.447633292,0.284962569,0.334914465
1214854,0.20565014,0.925635562,0.462817781,0.353430801,0.445266678
1196715,0.472167052,1.088623645,0.544311823,0.3428895,0.491244617
1195884,0.238993044,0.958614486,0.479307243,0.303328908,0.313831228
1195043,0.421692044,1.123160355,0.561580177,0.335484086,0.589321068
1193248,0.200349235,0.722655591,0.361327796,0.331569481,0.303692851
1179335,0.433455243,1.037177559,0.518588779,0.381746044,0.498118494
1174539,0.156606179,0.682112009,0.341056005,0.316720575,0.228363385
1173088,0.219548735,0.499578631,0.249789316,0.252378391,0.155365705
1168730,0.333314412,0.990216893,0.495108446,0.333060808,0.447371085
1162550,0.387230636,0.793666289,0.396833144,0.356564562,0.426982709
1158617,0.194526577,0.773381379,0.386690689,0.301525314,0.267477609
1151824,0.276725959,0.955718079,0.477859039,0.352956352,0.382289985
1150186,0.268944827,0.954357018,0.477178509,0.288885205,0.350730747
1148823,0.219178507,0.767919913,0.383959957,0.326306013,0.283344518
1132073,0.305749114,1.066824412,0.533412206,0.472299838,0.641711858
1118679,0.201599815,0.778477667,0.389238833,0.331160987,0.292091391
1113856,0.364828834,1.046945481,0.52347274,0.428476458,0.52197906
1111192,0.099835248,0.688689733,0.344344866,0.291645082,0.247569187
1100711,0.304573748,1.008442369,0.504221184,0.429790804,0.594168899
1098460,0.179980905,0.731433039,0.36571652,0.336736649,0.300069324
1090944,0.294313671,0.919081055,0.459540527,0.335384836,0.385620913
1069062,0.192900708,0.71925874,0.35962937,0.305407103,0.268344717
1064827,0.137463566,0.68495307,0.342476535,0.302222249,0.251053314
1062771,0.197126384,0.893340999,0.446670499,0.311571526,0.331646201
1061889,0.237590805,0.814264412,0.407132206,0.369690216,0.369348149
1052670,0.373233091,1.107429415,0.553714708,0.338241556,0.516413772
1052099,0.258006955,0.836692281,0.418346141,0.341299267,0.340679345
1052098,0.23116188,0.784401552,0.392200776,0.327255579,0.302601928
1048771,0.160999521,0.728764766,0.364382383,0.308002535,0.243783336
1046557,0.151390511,0.676612155,0.338306077,0.318106036,0.229175959
1046460,0.245898957,0.977620402,0.488810201,0.362254116,0.417887249
1042144,0.368702365,0.944201132,0.472100566,0.385083021,0.472676069
1031439,0.228344847,0.870693347,0.435346674,0.338843048,0.367059583
1016453,0.273791905,0.916908606,0.458454303,0.389693259,0.495495594
1002035,0.097381151,0.598357311,0.299178655,0.250317081,0.227579682
989035,0.167391835,0.719234295,0.359617148,0.318317085,0.347311326
975530,0.189810196,0.754068455,0.377034228,0.320390466,0.265335162
972645,0.188454091,0.857355994,0.428677997,0.326086184,0.403788255
970606,0.269295748,0.841856796,0.420928398,0.344234474,0.340362491
968789,0.217676235,0.80386071,0.401930355,0.353794073,0.340728263
965252,0.584375319,0.946204388,0.473102194,0.352542879,0.499800586
961751,0.419569131,1.064343187,0.532171594,0.373256741,0.490563201
954062,0.502779543,1.040784628,0.520392314,0.422590968,0.576492927
952465,0.503073882,1.028902638,0.514451319,0.399652093,0.479848063
948386,0.357923015,0.97796576,0.48898288,0.347674868,0.433671574
945066,0.167109488,0.665220451,0.332610226,0.293929774,0.261126939
940861,0.785314957,1.073806632,0.536903316,0.386730988,0.529381585
937743,0.272379831,0.867809424,0.433904712,0.337388739,0.456580766
935583,0.2359099,0.867560608,0.433780304,0.329061184,0.395312637
927750,0.258856797,0.909623821,0.45481191,0.34645522,0.386729121
925405,0.435213925,0.991386568,0.495693284,0.314419198,0.407032576
915482,0.141041875,0.682686268,0.341343134,0.305815494,0.240129332
909646,0.206320675,0.819123067,0.409561533,0.346210635,0.335927501
902607,0.344256185,0.982902979,0.491451489,0.394001425,0.482400799
892648,0.291166652,1.016173906,0.508086953,0.432261023,0.572429129
892646,0.143829311,0.583333623,0.291666811,0.281299194,0.189368532
892463,0.31617632,0.953638869,0.476819435,0.367529681,0.449460332
874373,0.162869059,0.77488509,0.387442545,0.313904952,0.315690812
865972,0.271378995,0.945309444,0.472654722,0.376809794,0.694882844
863395,0.378271258,0.978774351,0.489387176,0.378732512,0.455891689
856530,0.359912959,1.050839239,0.52541962,0.395331083,0.483798358
856095,0.273282883,0.912387224,0.456193612,0.34140877,0.333430094
855231,0.159539617,0.676525156,0.338262578,0.294591206,0.286655899
850869,0.28817574,0.951998071,0.475999036,0.400018755,0.478489574
849886,0.188373773,0.729332503,0.364666251,0.338417224,0.306037816
839067,0.207115186,0.789460383,0.394730192,0.319943212,0.294020537
835751,0.398481456,1.175357027,0.587678514,0.395805055,0.528850999
826090,0.186118729,0.844131543,0.422065772,0.296156373,0.308848348
822741,0.271116887,0.999825229,0.499912614,0.347138965,0.401902522
821456,0.147637544,0.684766025,0.342383012,0.318172857,0.268379214
820162,0.327115436,0.98805566,0.49402783,0.351174206,0.427251145
819382,0.141138895,0.690338622,0.345169311,0.303426944,0.296933964
813657,0.288898563,0.875357441,0.437678721,0.362525172,0.378309513
812757,0.241218216,0.805682326,0.402841163,0.341392405,0.30949676
812029,0.194765944,0.861339342,0.430669671,0.319599842,0.323643698
806494,0.218776223,0.630896747,0.315448373,0.295511661,0.293275366
789739,0.363410316,1.020570248,0.510285124,0.349818756,0.434708278
786506,0.246905947,0.853430295,0.426715147,0.352661179,0.356918873
786032,0.230788799,0.90572715,0.452863575,0.309326603,0.340412015
785249,0.170534562,0.755297314,0.377648657,0.355211144,0.323659511
783721,0.246193157,0.881389617,0.440694809,0.379397556,0.468490278
779095,0.438025163,1.050472804,0.525236402,0.315660833,0.746642171
778794,0.312408429,1.089385808,0.544692904,0.365100311,0.854577121
774754,0.208274377,0.773104541,0.38655227,0.314160257,0.302708926
769600,0.271822543,0.958303792,0.479151896,0.356501905,0.431521917
756238,0.25000253,0.868908453,0.434454226,0.353807426,0.339406228
749363,0.201749431,1.019962974,0.509981487,0.314965184,0.364616056
741152,0.311328271,1.124054543,0.562027271,0.342013652,0.512345954
730831,0.28081608,0.85743274,0.42871637,0.336552692,0.350778372
730388,0.256402469,0.857730484,0.428865242,0.341215868,0.387364074
727639,0.191373734,0.812858288,0.406429144,0.335024477,0.341377413
721271,0.423567977,1.145092358,0.572546179,0.34687403,0.495066635
718241,0.564799713,1.052017784,0.526008892,0.35669269,0.515939809
697468,0.393453405,0.937976828,0.468988414,0.356660252,0.447616289
689103,0.322793882,0.960167392,0.480083696,0.336721841,0.42330905
688559,0.183266732,0.763161368,0.381580684,0.312565826,0.311114072
680065,0.192327037,0.832554086,0.416277043,0.30774909,0.290576427
678462,0.176946608,0.711466121,0.355733061,0.303103663,0.307499262
677266,0.220163209,0.768896349,0.384448175,0.337203651,0.288425299
672266,0.415659638,1.327856257,0.663928129,0.335126589,0.74653939
671107,0.286693054,0.886621561,0.443310781,0.361677114,0.399276703
668022,0.197817369,0.83402539,0.417012695,0.320009625,0.307629116
666685,0.393808564,1.040730743,0.520365372,0.373825926,0.492520582
664492,0.365791948,0.990227472,0.495113736,0.388131263,0.476847739
663392,0.225198038,0.953064967,0.476532484,0.378201716,0.43874294
656262,0.455528649,0.969165246,0.484582623,0.327709429,0.427167165
654641,0.24199556,0.808764399,0.4043822,0.320418619,0.307622434
652700,0.272862463,0.925063626,0.462531813,0.323593736,0.348803176
650655,0.20636006,0.784702434,0.392351217,0.343731752,0.370442462
650255,0.113330013,0.643364353,0.321682177,0.317200409,0.226799929
649119,0.307022626,0.882181644,0.441090822,0.351824924,0.420930832
643062,0.291569295,0.766649725,0.383324863,0.349315849,0.402737442
637916,0.199289803,0.775487399,0.3877437,0.325828479,0.288704758
635312,0.232847354,0.816508143,0.408254071,0.332052657,0.357863623
630665,0.279593543,0.948662372,0.474331186,0.336756924,0.376536029
625436,0.14498401,0.587687792,0.293843896,0.292188562,0.186369319
622275,0.250763117,0.812800501,0.40640025,0.375415662,0.386568203
609951,0.452799733,1.152702867,0.576351433,0.353904044,0.485864046
608898,0.247717346,0.951042562,0.475521281,0.341693804,0.380890896
605857,0.387232839,0.958950249,0.479475125,0.373752772,0.463813156
596638,0.227217778,0.879616191,0.439808096,0.349679682,0.354123843
593719,0.39415221,1.023808893,0.511904446,0.392374652,0.477248481
591571,0.278347836,0.999887384,0.499943692,0.390832261,0.429428489
584834,0.257935335,0.892262353,0.446131177,0.345726891,0.362970524
581842,0.647908539,1.011345429,0.505672714,0.38767598,0.565553922
564954,0.589911351,1.174568531,0.587284265,0.359804984,0.575432449
562732,0.102894193,0.517492611,0.258746306,0.281781666,0.160337476
557788,0.476211882,1.076807128,0.538403564,0.400128812,0.598950653
556711,0.181304635,0.766536573,0.383268286,0.334252324,0.292363461
556157,0.222639503,0.795090204,0.397545102,0.344776564,0.319415272
552632,0.750939976,0.971237733,0.485618866,0.327660023,0.393879072
550732,0.6903731,1.290309522,0.645154761,0.35207135,0.803784511
547823,0.144597064,0.765481948,0.382740974,0.32518001,0.290073168
543054,0.127103564,0.547597825,0.273798913,0.269189003,0.200094303
541468,0.166815599,0.695133799,0.347566899,0.337002894,0.270962515
540993,0.277828666,0.882856328,0.441428164,0.371403909,0.41935697
518740,0.329570773,1.030284815,0.515142408,0.309720638,0.42375153
509769,0.220543617,0.859814475,0.429907238,0.361676026,0.35153622
508954,0.229504506,0.842040562,0.421020281,0.314390931,0.323641335
503705,0.376179723,0.933848733,0.466924367,0.354284455,0.421240533
495697,0.225129483,0.91935233,0.459676165,0.380002845,0.448614609
494482,0.658568816,1.196411198,0.598205599,0.329723344,0.548826676
493442,0.420661735,1.001467707,0.500733854,0.376993137,0.457593969
492558,0.220124067,0.94115016,0.47057508,0.330975653,0.350619551
491610,0.180619048,0.809192377,0.404596189,0.361235098,0.368077247
489763,0.213510077,0.808651034,0.404325517,0.362071843,0.397567785
488012,0.330221791,0.94019417,0.470097085,0.365794729,0.430944035
482513,0.134784272,0.631627654,0.315813827,0.301794613,0.206897457
470968,0.203204722,0.900665547,0.450332773,0.290306382,0.281766783
464186,0.230205134,0.846063479,0.42303174,0.336455746,0.338612706
463200,0.134767079,0.68932046,0.34466023,0.343606483,0.268409096
459522,0.223301623,0.800277121,0.400138561,0.324379169,0.290158642
453497,0.260409286,0.877563336,0.438781668,0.326243985,0.323846279
453228,0.13963798,0.770405647,0.385202824,0.326937915,0.335059156
453068,0.103755374,0.474767722,0.237383861,0.226351403,0.17636653
450109,0.242571757,0.875249508,0.437624754,0.346298046,0.339762128
449021,0.175399937,0.815027439,0.40751372,0.329010654,0.343753439
448368,0.234266454,0.868977676,0.434488838,0.318067568,0.332434416
447031,0.661984051,0.944899696,0.472449848,0.402290543,0.578354107
445179,0.400617415,1.115822233,0.557911117,0.34995844,0.579928304
442119,0.318988038,0.946393852,0.473196926,0.385163259,0.415365303
438881,0.229613217,0.875547136,0.437773568,0.328201984,0.313308735
438066,0.132062454,0.660941392,0.330470696,0.286872399,0.261792888
437174,0.238268711,0.794378909,0.397189455,0.346936678,0.36054762
431565,0.245843408,0.819206677,0.409603339,0.357262283,0.385837459
427990,0.210959035,0.842412363,0.421206181,0.30597816,0.292647244
426613,0.14171969,0.785202045,0.392601022,0.307233397,0.288746807
425304,0.207936735,0.794548945,0.397274473,0.301007261,0.289704361
417992,0.238045277,0.824949023,0.412474511,0.359340588,0.344291908
415847,0.286301238,0.972514116,0.486257058,0.392255873,0.470341628
412563,0.230189186,0.824744641,0.41237232,0.328371074,0.329895021
408793,0.197026644,0.793859069,0.396929535,0.2970362,0.295982537
408624,0.240453647,0.843498722,0.421749361,0.324942976,0.353017695
404091,0.305804564,0.92307306,0.46153653,0.411787878,0.526244184
395586,0.395997625,1.175249324,0.587624662,0.29246464,0.478600242
394025,0.267326132,0.900798308,0.450399154,0.356480651,0.362695769
391482,0.245391657,1.13066257,0.565331285,0.303023558,0.422526572
391152,0.112754138,0.536061585,0.268030793,0.290734813,0.161210082
386241,0.192412424,0.798133143,0.399066572,0.323978363,0.285900361
385918,0.214014222,0.828133978,0.414066989,0.368168838,0.353162475
385776,0.148358193,0.943702968,0.471851484,0.358139163,0.429498664
385200,0.273235693,0.969048456,0.484524228,0.335616015,0.382970027
384847,0.172623003,0.745447448,0.372723724,0.337558111,0.278789984
383429,0.258259399,0.922389082,0.461194541,0.364007465,0.374620074
382023,0.144396023,0.791767999,0.395883999,0.325656646,0.291011076
381265,0.252346937,0.83049926,0.41524963,0.359431748,0.380171123
379909,0.263161747,0.853195436,0.426597718,0.340978865,0.344272321
379447,0.179112494,0.760498351,0.380249175,0.332882818,0.314318262
375636,0.134738453,0.595846402,0.297923201,0.262745828,0.28588089
368787,0.27647113,0.88471621,0.442358105,0.308458949,0.350775787
365713,0.364173666,0.867087907,0.433543953,0.351350337,0.422458489
361658,0.217162255,0.796179037,0.398089518,0.340004932,0.333470216
355122,0.115930938,0.642538156,0.321269078,0.302272172,0.238672828
345596,0.273764601,0.666835183,0.333417592,0.300556748,0.322892887
342623,0.152076495,0.729139272,0.364569636,0.353777006,0.264787913
331999,0.241022186,0.998387087,0.499193544,0.311186235,0.355645787
331648,0.625896406,1.123166542,0.561583271,0.376448127,0.697975001
317399,0.129038923,0.55327008,0.27663504,0.247824875,0.272006023
313272,0.51207136,1.141709252,0.570854626,0.367321332,0.472035589
313019,0.208700976,0.863777433,0.431888716,0.311300846,0.314133825
312444,0.163622681,0.809837262,0.404918631,0.340896081,0.296905724
310469,0.122499108,0.605197323,0.302598662,0.305038221,0.209559825
309032,0.386204063,1.031955386,0.515977693,0.357403821,0.415570666
307374,0.303332651,0.908532348,0.454266174,0.379633171,0.411088323
305809,0.377713156,0.943764979,0.47188249,0.375989352,0.406667111
292132,0.46459192,1.103255103,0.551627551,0.358303564,0.589181693
290901,0.195247495,0.757692344,0.378846172,0.347747608,0.333760829
289847,0.212345809,0.759346859,0.379673429,0.331543213,0.295367951
278527,0.128264032,0.723821961,0.361910981,0.317064687,0.234542054
275445,0.379752922,1.256567452,0.628283726,0.338909507,0.68179424
270791,0.15211925,0.78739554,0.39369777,0.300629285,0.272317037
270745,0.372726529,0.972540919,0.48627046,0.368431107,0.454715999
265837,0.186008822,0.768849877,0.384424939,0.305953585,0.270062888
264325,0.305794402,0.876795971,0.438397985,0.349140791,0.371176001
257957,0.277142506,0.975477939,0.487738969,0.37182499,0.41910691
239058,0.350130444,1.154195663,0.577097831,0.308326659,0.472714219
234891,0.283759377,0.930553471,0.465276736,0.325865907,0.352233179
234740,0.199355893,0.734129778,0.367064889,0.345671513,0.295610025
226947,0.462807139,1.173294611,0.586647306,0.340146305,0.793760948
226855,0.274815918,0.760660112,0.380330056,0.351502322,0.347843395
225436,0.224025368,0.792616651,0.396308325,0.36535341,0.348265573
222950,0.220339626,0.832352205,0.416176103,0.292339884,0.261609404
222418,0.205630128,0.941829103,0.470914552,0.433010858,0.878253777
220605,0.312712781,0.945133246,0.472566623,0.358623596,0.401760337
218021,0.228993739,0.879664013,0.439832006,0.310487646,0.318742129
217478,0.185420367,0.775460704,0.387730352,0.33080145,0.273394391
204528,0.220249634,0.7945518,0.3972759,0.323824105,0.281220438
200644,0.275233453,0.866832434,0.433416217,0.328669148,0.346866627
200029,0.270976937,1.033420419,0.51671021,0.339572963,0.403774721
199296,0.525246006,1.125990036,0.562995018,0.303574267,0.46175587
193491,0.200647258,0.806173522,0.403086761,0.369099593,0.32915441
191880,0.187345177,0.879001988,0.439500994,0.319498461,0.325536609
191545,0.322540675,0.960645065,0.480322532,0.370332465,0.501704831
189629,0.27501465,0.929452045,0.464726023,0.380524605,0.460586
186091,0.883220523,1.125617149,0.562808575,0.369882414,0.585004758
185160,0.22270118,0.788484047,0.394242024,0.32794429,0.321894429
179443,0.433337524,1.054598109,0.527299054,0.347236841,0.451776781
178741,0.13546319,0.637466592,0.318733296,0.306823986,0.211685537
176092,0.2481334,0.961858414,0.480929207,0.430135294,0.413198652
171876,0.216750541,0.839540087,0.419770043,0.355966061,0.341814453
167865,0.244859127,0.964083082,0.482041541,0.333616643,0.377915478
166317,0.196281229,0.972098946,0.486049473,0.319208261,0.347906267
166205,0.157155363,0.735633574,0.367816787,0.333231873,0.25555775
165374,0.251860324,0.733012064,0.366506032,0.316346628,0.286235659
164227,0.372325494,0.986658189,0.493329095,0.377912293,0.441092765
159565,0.368114897,0.988469533,0.494234767,0.317680423,0.447286726
158253,0.229722444,0.826874297,0.413437148,0.346350148,0.341018162
157999,0.271082879,0.858651351,0.429325676,0.349619801,0.356007576
157498,0.126912009,0.782960264,0.391480132,0.279274393,0.303940598
154569,0.254248021,0.894650942,0.447325471,0.383224416,0.410663447
153547,0.284437451,1.026573724,0.513286862,0.33842648,0.420330507
146879,0.255999005,0.787276072,0.393638036,0.342066037,0.329528372
140921,0.241797058,0.943996027,0.471998013,0.321031269,0.339696117
139258,0.188234175,0.750258837,0.375129419,0.339546696,0.310426041
137908,0.276158462,0.90272052,0.45136026,0.374152164,0.396548273
129384,0.282779609,0.882000289,0.441000145,0.35287467,0.379170865
128216,0.233770516,0.87011428,0.43505714,0.327147329,0.324643615
124859,0.359252925,1.08807578,0.54403789,0.343827037,0.432988232
123856,0.191128693,0.779277839,0.389638919,0.367794739,0.316846876
121300,0.283676119,0.862449193,0.431224597,0.320387074,0.340644286
114560,0.809874363,1.214045876,0.607022938,0.355360826,0.630858963
111731,0.207667818,0.876810014,0.438405007,0.362142827,0.34370513
111563,0.15506943,0.659249892,0.329624946,0.315941503,0.237486344
110721,0.559846223,0.990297456,0.495148728,0.342191609,0.486959413
108305,0.265111821,0.835632628,0.417816314,0.344290701,0.340614829
103511,0.229540998,1.129035768,0.564517884,0.330059952,0.391690702
103460,0.2495159,0.875557451,0.437778725,0.361610302,0.364825585
102816,0.169483393,0.591772417,0.295886209,0.306309121,0.219832586
102677,0.465362042,1.052515782,0.526257891,0.397317605,0.493631816
101706,0.13099372,0.847615233,0.423807617,0.307362807,0.31861572
100620,0.258966156,0.885014836,0.442507418,0.329460188,0.335798922
97585,0.218759764,0.806136155,0.403068078,0.361798706,0.359185507
90767,0.285139207,0.982554796,0.491277398,0.335057728,0.391646502
90373,0.34821587,0.966922059,0.483461029,0.381527088,0.457080682
90091,0.212572241,0.783534808,0.391767404,0.353757236,0.335851468
88544,0.224326056,0.898563247,0.449281624,0.329493316,0.375350076
88076,0.335033874,0.988339373,0.494169687,0.350500779,0.391521027
79652,0.226153449,0.805893457,0.402946728,0.328438961,0.312062132
72439,0.302684915,1.007656438,0.503828219,0.326319258,0.404246094
70535,0.231448802,0.905907916,0.452953958,0.364482303,0.364287265
68788,0.166300432,0.786747323,0.393373661,0.325332652,0.330998297
64493,0.159745857,0.658063556,0.329031778,0.322797354,0.243484067
57377,0.460295092,1.06752345,0.533761725,0.371020283,0.493364521
41958,0.226557127,0.93246549,0.466232745,0.333511511,0.34966954
35842,0.131354958,0.743602666,0.371801333,0.285213279,0.276842431
35229,0.160714133,0.738475127,0.369237563,0.343491935,0.298536281
33913,0.227719722,0.916408987,0.458204493,0.372752913,0.39182587
23796,0.139277917,0.935879111,0.467939555,0.303679002,0.32853837
18365,0.25509623,0.809782022,0.404891011,0.338062006,0.34898131
11762,0.130479347,0.762563586,0.381281793,0.306560198,0.259005341
9605,0.28624255,0.928655719,0.46432786,0.364301984,0.372380909
3136,0.284778184,0.918249471,0.459124736,0.363780298,0.377569603
2746,0.48663363,0.948114908,0.474057454,0.342879002,0.472962725
